<TICKER>,<PER>,<DATE>,<TIME>,<OPEN>,<HIGH>,<LOW>,<CLOSE>,<VOL>
SPBEX.AMZN,D,20201130,0,3197.0000000,3228.3400000,3125.7500000,3169.7600000,130712
SPBEX.AMZN,D,20201201,0,3168.0400000,3248.7500000,3157.1800000,3219.3900000,455757
SPBEX.AMZN,D,20201202,0,3220.0800000,3240.9900000,3173.5000000,3203.3800000,293623
SPBEX.AMZN,D,20201203,0,3203.5300000,3229.0000000,3181.6600000,3186.8700000,262244
SPBEX.AMZN,D,20201204,0,3186.7300000,3204.8000000,3158.5400000,3163.1000000,316838
SPBEX.AMZN,D,20201205,0,3162.5800000,3163.5000000,3157.2400000,3159.0000000,145387
SPBEX.AMZN,D,20201207,0,3184.9900000,3184.9900000,3141.5800000,3158.6000000,90493
SPBEX.AMZN,D,20201208,0,3159.0000000,3184.4100000,3120.3200000,3176.0800000,115993
SPBEX.AMZN,D,20201209,0,3177.2900000,3214.5700000,3088.0000000,3101.3500000,327403
SPBEX.AMZN,D,20201210,0,3101.0500000,3142.2800000,3073.7200000,3100.9100000,110531
SPBEX.AMZN,D,20201211,0,3101.4900000,3118.7200000,3073.0000000,3115.8500000,265384
SPBEX.AMZN,D,20201212,0,3116.4200000,3116.4200000,3112.0000000,3113.2500000,152882
SPBEX.AMZN,D,20201214,0,3114.0000000,3190.5600000,3111.9200000,3155.4900000,139744
SPBEX.AMZN,D,20201215,0,3156.9700000,3188.0000000,3130.5400000,3165.5700000,510479
SPBEX.AMZN,D,20201216,0,3165.7300000,3246.9200000,3159.0100000,3240.9600000,143886
SPBEX.AMZN,D,20201217,0,3240.9600000,3263.6900000,3221.3700000,3236.6800000,448033
SPBEX.AMZN,D,20201218,0,3236.0800000,3252.4400000,3171.2200000,3202.3600000,394503
SPBEX.AMZN,D,20201219,0,3201.6500000,3215.0000000,3199.9000000,3214.8000000,1361034
SPBEX.AMZN,D,20201221,0,3210.2400000,3226.7100000,3150.0000000,3205.9300000,131409
SPBEX.AMZN,D,20201222,0,3206.1800000,3222.0000000,3180.0800000,3205.4400000,309008
SPBEX.AMZN,D,20201223,0,3206.5200000,3210.0000000,3185.0100000,3186.0000000,187683
SPBEX.AMZN,D,20201224,0,3185.2700000,3220.0500000,3167.0000000,3170.9500000,242503
SPBEX.AMZN,D,20201228,0,3203.4900000,3304.0000000,3172.6900000,3283.6900000,187657
SPBEX.AMZN,D,20201229,0,3283.9600000,3350.4900000,3280.6400000,3322.1100000,333544
SPBEX.AMZN,D,20201230,0,3322.0000000,3350.0000000,3282.7900000,3288.3800000,233214
SPBEX.AMZN,D,20201231,0,3285.8500000,3307.8900000,3241.4100000,3256.7900000,269602
SPBEX.AMZN,D,20210104,0,3279.0000000,3285.9100000,3144.2800000,3185.6600000,128838
SPBEX.AMZN,D,20210105,0,3186.6300000,3223.5000000,3162.1100000,3219.4700000,397632
SPBEX.AMZN,D,20210106,0,3218.5100000,3220.0000000,3131.3500000,3136.7200000,319710
SPBEX.AMZN,D,20210107,0,3138.3800000,3209.0000000,3133.0000000,3162.8800000,324555
SPBEX.AMZN,D,20210108,0,3161.6000000,3190.6400000,3134.5800000,3182.0000000,552653
SPBEX.AMZN,D,20210109,0,3182.7000000,3185.0000000,3177.0000000,3178.5100000,211016
SPBEX.AMZN,D,20210111,0,3169.9900000,3174.0000000,3110.0000000,3115.7500000,135435
SPBEX.AMZN,D,20210112,0,3116.0000000,3146.9100000,3085.9400000,3120.9400000,124241
SPBEX.AMZN,D,20210113,0,3120.8300000,3189.7800000,3114.0200000,3165.8900000,465595
SPBEX.AMZN,D,20210114,0,3165.8900000,3200.0000000,3120.7500000,3129.1600000,115390
SPBEX.AMZN,D,20210115,0,3127.4700000,3143.2000000,3095.1700000,3105.0000000,366618
SPBEX.AMZN,D,20210116,0,3104.6800000,3109.0000000,3099.1400000,3100.0000000,3590
SPBEX.AMZN,D,20210119,0,3115.0000000,3145.0800000,3096.0500000,3120.0000000,111233
SPBEX.AMZN,D,20210120,0,3120.7600000,3279.9900000,3118.0400000,3263.8800000,390909
SPBEX.AMZN,D,20210121,0,3263.3800000,3348.5400000,3258.9900000,3307.4800000,437198
SPBEX.AMZN,D,20210122,0,3306.9900000,3330.0000000,3272.0200000,3290.0500000,285854
SPBEX.AMZN,D,20210123,0,3292.2300000,3295.2800000,3291.0000000,3291.8700000,212413
SPBEX.AMZN,D,20210125,0,3294.3500000,3363.7400000,3244.9900000,3293.0900000,127067
SPBEX.AMZN,D,20210126,0,3294.0000000,3338.0000000,3281.0000000,3325.2100000,311797
SPBEX.AMZN,D,20210127,0,3326.8100000,3397.9700000,3207.2200000,3236.4300000,151960
SPBEX.AMZN,D,20210128,0,3232.5800000,3301.8900000,3176.4900000,3239.4800000,423212
SPBEX.AMZN,D,20210129,0,3237.6200000,3247.9900000,3186.1600000,3206.1900000,362104
SPBEX.AMZN,D,20210130,0,3205.7100000,3209.0000000,3198.0000000,3202.6000000,295813
SPBEX.AMZN,D,20210201,0,3210.0000000,3350.0000000,3210.0000000,3342.8700000,140042
SPBEX.AMZN,D,20210202,0,3342.8800000,3426.2800000,3327.8700000,3389.0000000,392411
SPBEX.AMZN,D,20210203,0,3380.0000000,3475.0000000,3250.4000000,3310.5600000,484586
SPBEX.AMZN,D,20210204,0,3312.5300000,3352.0800000,3278.0000000,3330.8400000,328929
SPBEX.AMZN,D,20210205,0,3331.0000000,3377.0000000,3300.0000000,3353.2200000,243319
SPBEX.AMZN,D,20210206,0,3352.0000000,3352.1500000,3345.0000000,3346.0000000,6192
SPBEX.AMZN,D,20210208,0,3361.0000000,3389.7900000,3304.0000000,3323.5000000,131640
SPBEX.AMZN,D,20210209,0,3322.9400000,3349.0000000,3297.8700000,3305.9700000,203516
SPBEX.AMZN,D,20210210,0,3305.0000000,3324.2700000,3253.9100000,3285.2000000,186763
SPBEX.AMZN,D,20210211,0,3286.5800000,3297.1800000,3248.1000000,3260.7100000,205180
SPBEX.AMZN,D,20210212,0,3262.1300000,3280.0700000,3233.3100000,3279.0000000,195293
SPBEX.AMZN,D,20210213,0,3277.7100000,3281.8500000,3277.0000000,3278.5000000,141759
SPBEX.AMZN,D,20210216,0,3284.0600000,3309.0000000,3252.8300000,3270.3200000,101035
SPBEX.AMZN,D,20210217,0,3268.9500000,3320.7900000,3253.0100000,3308.6100000,261562
SPBEX.AMZN,D,20210218,0,3308.6400000,3338.0000000,3273.8500000,3329.0000000,253000
SPBEX.AMZN,D,20210219,0,3328.2300000,3343.8800000,3245.7200000,3250.4000000,285515
SPBEX.AMZN,D,20210220,0,3249.9000000,3251.8500000,3247.5000000,3248.2500000,161973
SPBEX.AMZN,D,20210222,0,3285.0000000,3285.0000000,3172.2600000,3180.5800000,123527
SPBEX.AMZN,D,20210223,0,3180.7400000,3206.4100000,3086.9300000,3194.7100000,380623
SPBEX.AMZN,D,20210224,0,3194.5000000,3224.8100000,3125.4900000,3161.0000000,294395
SPBEX.AMZN,D,20210225,0,3159.5300000,3178.2300000,3047.1100000,3057.1600000,293131
SPBEX.AMZN,D,20210226,0,3058.6700000,3152.0000000,3000.1700000,3092.3400000,147255
SPBEX.AMZN,D,20210227,0,3090.0000000,3095.0000000,3080.0000000,3084.6000000,7288
SPBEX.AMZN,D,20210301,0,3117.0000000,3150.0000000,3097.6300000,3144.2700000,101456
SPBEX.AMZN,D,20210302,0,3146.1400000,3163.0600000,3087.3000000,3095.0000000,287441
SPBEX.AMZN,D,20210303,0,3094.5300000,3130.0000000,2995.0000000,3005.0100000,308954
SPBEX.AMZN,D,20210304,0,3005.0000000,3058.2900000,2945.5100000,2981.0500000,395365
SPBEX.AMZN,D,20210305,0,2970.1000000,3017.0000000,2881.6300000,2953.0100000,129308
SPBEX.AMZN,D,20210308,0,3005.0000000,3064.0000000,2939.0900000,2953.0500000,140905
SPBEX.AMZN,D,20210309,0,2951.9500000,3090.9800000,2949.0000000,3062.2100000,333789
SPBEX.AMZN,D,20210310,0,3061.9500000,3115.3300000,3030.4900000,3057.6300000,365759
SPBEX.AMZN,D,20210311,0,3057.6400000,3131.2200000,3031.3800000,3113.8800000,266978
SPBEX.AMZN,D,20210312,0,3113.5900000,3124.0000000,3045.5000000,3090.8500000,262812
SPBEX.AMZN,D,20210313,0,3089.4900000,3091.0000000,3086.0000000,3087.0000000,172384
SPBEX.AMZN,D,20210315,0,3087.0000000,3100.0000000,3033.0100000,3081.7400000,311020
SPBEX.AMZN,D,20210316,0,3081.0000000,3128.7300000,3061.0000000,3091.8500000,258544
SPBEX.AMZN,D,20210317,0,3090.0000000,3173.1500000,3057.0000000,3137.9200000,312025
SPBEX.AMZN,D,20210318,0,3137.0000000,3171.0200000,3025.6700000,3036.0000000,374673
SPBEX.AMZN,D,20210319,0,3038.0000000,3077.2400000,3016.6800000,3071.6900000,141449
SPBEX.AMZN,D,20210320,0,3072.2800000,3072.3000000,3063.5000000,3067.0000000,843
SPBEX.AMZN,D,20210322,0,3068.3100000,3126.6400000,3061.0000000,3107.0000000,300134
SPBEX.AMZN,D,20210323,0,3109.0000000,3182.6000000,3095.0000000,3140.2400000,123199
SPBEX.AMZN,D,20210324,0,3138.2700000,3170.0000000,3084.1200000,3086.8400000,114110
SPBEX.AMZN,D,20210325,0,3086.8400000,3109.9700000,3037.3200000,3054.8500000,348399
SPBEX.AMZN,D,20210326,0,3054.8500000,3075.9600000,2996.0100000,3051.0200000,401047
SPBEX.AMZN,D,20210327,0,3051.0000000,3054.0000000,3049.0000000,3053.4000000,1866
SPBEX.AMZN,D,20210329,0,3050.0000000,3090.9900000,3017.0500000,3075.2800000,299893
SPBEX.AMZN,D,20210330,0,3075.3200000,3080.6400000,3034.0500000,3054.1500000,242693
SPBEX.AMZN,D,20210331,0,3054.8900000,3119.1900000,3049.9100000,3092.0000000,455540
SPBEX.AMZN,D,20210401,0,3092.0200000,3162.2300000,3088.0000000,3159.0400000,244792
SPBEX.AMZN,D,20210402,0,3159.8600000,3162.4800000,3158.1000000,3161.5200000,636
SPBEX.AMZN,D,20210405,0,3163.1700000,3235.4500000,3141.5100000,3230.0000000,337868
SPBEX.AMZN,D,20210406,0,3230.5100000,3247.2600000,3170.6300000,3229.7700000,237724
SPBEX.AMZN,D,20210407,0,3229.7700000,3303.7900000,3216.0000000,3283.0000000,230438
SPBEX.AMZN,D,20210408,0,3284.9900000,3324.1100000,3284.4400000,3307.0000000,100718
SPBEX.AMZN,D,20210409,0,3307.0000000,3372.2000000,3285.0200000,3369.0000000,317958
SPBEX.AMZN,D,20210410,0,3368.6400000,3370.4000000,3366.0000000,3367.8800000,1571
SPBEX.AMZN,D,20210412,0,3355.5500000,3405.0000000,3351.0000000,3396.0000000,119285
SPBEX.AMZN,D,20210413,0,3395.3200000,3431.9900000,3380.0000000,3399.6800000,272483
SPBEX.AMZN,D,20210414,0,3399.5500000,3413.0000000,3234.0000000,3335.9700000,103451
SPBEX.AMZN,D,20210415,0,3335.0900000,3396.2000000,3334.7500000,3374.0000000,390485
SPBEX.AMZN,D,20210416,0,3375.6200000,3406.6000000,3355.6000000,3395.6600000,112222
SPBEX.AMZN,D,20210417,0,3395.2700000,3398.9800000,3395.2700000,3397.5100000,547
SPBEX.AMZN,D,20210419,0,3109.0900000,3436.1000000,3105.2500000,3370.3900000,694087
SPBEX.AMZN,D,20210420,0,3371.9700000,3389.9600000,3303.3300000,3314.9800000,702700
SPBEX.AMZN,D,20210421,0,3315.2000000,3362.8600000,3302.0000000,3357.7300000,659298
SPBEX.AMZN,D,20210422,0,3358.5000000,3376.8200000,3301.4400000,3310.7000000,701599
SPBEX.AMZN,D,20210423,0,3310.6900000,3374.9900000,3305.0200000,3340.2500000,892983
SPBEX.AMZN,D,20210424,0,3340.7800000,3343.0000000,3338.8800000,3343.0000000,1620
SPBEX.AMZN,D,20210426,0,3345.0100000,3428.8800000,3330.8500000,3420.1000000,1046890
SPBEX.AMZN,D,20210427,0,3420.9000000,3460.0200000,3398.0000000,3424.8200000,986067
SPBEX.AMZN,D,20210428,0,3424.8500000,3489.9500000,3407.1600000,3484.3900000,1064162
SPBEX.AMZN,D,20210429,0,3484.2200000,3661.0000000,3435.1600000,3596.9900000,1742367
SPBEX.AMZN,D,20210430,0,3596.3900000,3605.0000000,3462.5500000,3467.9900000,1837599
SPBEX.AMZN,D,20210501,0,3468.0000000,3469.0000000,3465.0000000,3465.9400000,1162
SPBEX.AMZN,D,20210503,0,3450.8400000,3495.0000000,3372.2700000,3386.1800000,1376601
SPBEX.AMZN,D,20210504,0,3385.2500000,3394.4100000,3272.0200000,3308.0000000,1531880
SPBEX.AMZN,D,20210505,0,3309.9200000,3356.0000000,3264.6300000,3269.6500000,1068669
SPBEX.AMZN,D,20210506,0,3269.5000000,3314.4700000,3246.3100000,3306.3700000,1301623
SPBEX.AMZN,D,20210507,0,3307.4100000,3362.0000000,3289.0000000,3289.9000000,1256210
SPBEX.AMZN,D,20210508,0,3289.8900000,3290.0000000,3289.0100000,3289.3000000,628
SPBEX.AMZN,D,20210510,0,3299.0000000,3330.0000000,3182.7500000,3184.0000000,1202821
SPBEX.AMZN,D,20210511,0,3183.8800000,3238.1700000,3117.1300000,3217.1800000,1043572
SPBEX.AMZN,D,20210512,0,3217.0000000,3220.0000000,3133.3300000,3150.0000000,1043548
SPBEX.AMZN,D,20210513,0,3150.0000000,3203.0000000,3133.1000000,3157.5000000,754529
SPBEX.AMZN,D,20210514,0,3157.0200000,3228.8700000,3156.2600000,3224.0300000,916621
SPBEX.AMZN,D,20210515,0,3223.7500000,3225.9000000,3223.7500000,3225.0100000,522
SPBEX.AMZN,D,20210517,0,3247.9500000,3292.1500000,3209.0000000,3274.7700000,813422
SPBEX.AMZN,D,20210518,0,3270.5000000,3311.5300000,3226.1200000,3227.4700000,698275
SPBEX.AMZN,D,20210519,0,3227.4700000,3240.0000000,3183.8000000,3231.0000000,788377
SPBEX.AMZN,D,20210520,0,3231.0000000,3259.8200000,3220.0000000,3247.9900000,749494
SPBEX.AMZN,D,20210521,0,3247.2000000,3262.9800000,3196.9900000,3199.8000000,1188421
SPBEX.AMZN,D,20210522,0,3200.0000000,3202.9800000,3199.0200000,3201.9500000,1080
SPBEX.AMZN,D,20210524,0,3190.0100000,3257.9200000,3190.0100000,3247.9600000,717500
SPBEX.AMZN,D,20210525,0,3246.5400000,3279.5000000,3213.7700000,3259.9000000,895264
SPBEX.AMZN,D,20210526,0,3259.3000000,3295.9200000,3254.0000000,3271.9000000,713945
SPBEX.AMZN,D,20210527,0,3270.0200000,3282.5000000,3230.0400000,3242.7400000,985710
SPBEX.AMZN,D,20210528,0,3243.9900000,3252.9100000,3219.4200000,3224.6500000,818117
SPBEX.AMZN,D,20210529,0,3225.0000000,3226.8000000,3223.4400000,3225.1000000,828
SPBEX.AMZN,D,20210601,0,3245.0000000,3251.0000000,3209.2800000,3218.5000000,667505
SPBEX.AMZN,D,20210602,0,3217.9400000,3236.9700000,3207.5600000,3230.7500000,671434
SPBEX.AMZN,D,20210603,0,3230.7500000,3249.0000000,3184.0100000,3185.6500000,703785
SPBEX.AMZN,D,20210604,0,3185.6500000,3221.3000000,3151.0000000,3205.2000000,679755
SPBEX.AMZN,D,20210605,0,3205.2000000,3206.9900000,3204.8800000,3205.0300000,512
SPBEX.AMZN,D,20210607,0,3178.6300000,3210.6400000,3172.4400000,3199.1000000,659372
SPBEX.AMZN,D,20210608,0,3199.1200000,3279.3700000,3190.0000000,3265.5000000,852596
SPBEX.AMZN,D,20210609,0,3265.2400000,3297.5000000,3257.0100000,3278.0000000,695523
SPBEX.AMZN,D,20210610,0,3279.0000000,3352.0000000,3265.0000000,3350.2000000,10686
SPBEX.AMZN,D,20210611,0,3350.2700000,3366.6600000,3333.3500000,3344.7600000,803648
SPBEX.AMZN,D,20210612,0,3345.2900000,3345.4400000,3343.2700000,3343.9500000,234
SPBEX.AMZN,D,20210614,0,3349.0000000,3384.9400000,3335.8000000,3382.7500000,750009
SPBEX.AMZN,D,20210615,0,3382.0000000,3396.7800000,3363.1100000,3380.1100000,647601
SPBEX.AMZN,D,20210616,0,3380.0800000,3426.5000000,3361.7700000,3408.0000000,1079169
SPBEX.AMZN,D,20210617,0,3407.8800000,3497.2700000,3388.0000000,3490.2100000,1269581
SPBEX.AMZN,D,20210618,0,3490.0000000,3507.2400000,3462.6200000,3482.0000000,1750032
SPBEX.AMZN,D,20210619,0,3482.7500000,3484.2000000,3479.1500000,3483.0100000,5698
SPBEX.AMZN,D,20210621,0,3471.0000000,3497.1100000,3434.0000000,3452.2700000,735812
SPBEX.AMZN,D,20210622,0,3452.1200000,3523.7500000,3432.1700000,3507.0000000,813900
SPBEX.AMZN,D,20210623,0,3506.5000000,3528.0000000,3483.0000000,3504.0000000,721909
SPBEX.AMZN,D,20210624,0,3504.6000000,3524.6900000,3430.7700000,3447.2500000,1021573
SPBEX.AMZN,D,20210625,0,3447.3100000,3472.0000000,3394.7200000,3400.4400000,1204070
SPBEX.AMZN,D,20210626,0,3400.4400000,3401.5000000,3399.4900000,3400.8000000,689
SPBEX.AMZN,D,20210628,0,3410.9800000,3448.0000000,3405.9800000,3442.5300000,648403
SPBEX.AMZN,D,20210629,0,3442.5300000,3456.4100000,3420.8500000,3448.5000000,492977
SPBEX.AMZN,D,20210630,0,3448.5000000,3471.7800000,3430.4500000,3438.0000000,646170
SPBEX.AMZN,D,20210701,0,3437.9700000,3464.3300000,3409.4500000,3430.0000000,549257
SPBEX.AMZN,D,20210702,0,3430.5200000,3511.8900000,3412.0300000,3510.0100000,836975
SPBEX.AMZN,D,20210703,0,3509.9000000,3510.2000000,3508.5800000,3508.5800000,1329
SPBEX.AMZN,D,20210706,0,3480.0100000,3686.0000000,3480.0100000,3671.0500000,1576050
SPBEX.AMZN,D,20210707,0,3672.4500000,3734.3800000,3660.1700000,3697.9800000,1231196
SPBEX.AMZN,D,20210708,0,3698.0000000,3759.5700000,3578.0000000,3727.0000000,1237655
SPBEX.AMZN,D,20210709,0,3727.0000000,3755.1500000,3693.3600000,3716.7800000,1019423
SPBEX.AMZN,D,20210710,0,3717.0000000,3717.6000000,3716.0000000,3716.2500000,511
SPBEX.AMZN,D,20210712,0,3739.2600000,3757.0000000,3696.4400000,3714.7600000,720198
SPBEX.AMZN,D,20210713,0,3715.0000000,3773.0200000,3671.5700000,3678.2100000,890078
SPBEX.AMZN,D,20210714,0,3679.4400000,3718.0100000,3661.0000000,3684.7200000,858047
SPBEX.AMZN,D,20210715,0,3683.3600000,3713.5900000,3620.6600000,3628.8000000,813225
SPBEX.AMZN,D,20210716,0,3628.7600000,3660.0000000,3569.6300000,3569.9000000,1098616
SPBEX.AMZN,D,20210717,0,3569.9000000,3572.9900000,3569.8800000,3570.5100000,492
SPBEX.AMZN,D,20210719,0,3575.0000000,3587.7300000,3501.0000000,3555.5300000,957472
SPBEX.AMZN,D,20210720,0,3557.6400000,3594.9900000,3517.8100000,3571.0700000,946118
SPBEX.AMZN,D,20210721,0,3572.7200000,3590.9000000,3543.3500000,3585.0000000,688240
SPBEX.AMZN,D,20210722,0,3585.8900000,3649.0000000,3572.0600000,3648.4000000,635662
SPBEX.AMZN,D,20210723,0,3647.5000000,3666.2000000,3622.0000000,3655.9500000,716091
SPBEX.AMZN,D,20210724,0,3653.1000000,3654.8000000,3649.1100000,3650.5000000,1910
SPBEX.AMZN,D,20210726,0,3662.9900000,3711.8400000,3644.0000000,3693.0000000,864744
SPBEX.AMZN,D,20210727,0,3693.0500000,3704.0000000,3586.1500000,3616.9000000,1119036
SPBEX.AMZN,D,20210728,0,3617.7900000,3658.1000000,3602.5600000,3620.6000000,580129
SPBEX.AMZN,D,20210729,0,3620.9500000,3647.9300000,3338.0000000,3352.8200000,1332903
SPBEX.AMZN,D,20210730,0,3351.3800000,3399.0000000,3306.9800000,3328.8400000,2787393
SPBEX.AMZN,D,20210731,0,3328.3000000,3334.0000000,3327.5000000,3329.8800000,2918
SPBEX.AMZN,D,20210802,0,3360.9000000,3369.2900000,3316.9000000,3330.9400000,888704
SPBEX.AMZN,D,20210803,0,3330.0500000,3390.7500000,3298.7300000,3366.2400000,1042298
SPBEX.AMZN,D,20210804,0,3367.5600000,3388.7400000,3345.5000000,3354.2000000,596962
SPBEX.AMZN,D,20210805,0,3354.1100000,3389.0400000,3340.6700000,3374.3200000,694532
SPBEX.AMZN,D,20210806,0,3375.1100000,3389.0000000,3329.3700000,3340.6200000,780166
SPBEX.AMZN,D,20210807,0,3342.2000000,3343.9000000,3339.3000000,3341.9400000,189
SPBEX.AMZN,D,20210809,0,3341.0000000,3354.3700000,3328.5700000,3339.8000000,601382
SPBEX.AMZN,D,20210810,0,3338.9000000,3358.0000000,3315.0000000,3319.2400000,594320
SPBEX.AMZN,D,20210811,0,3319.2600000,3337.5000000,3277.5200000,3291.8800000,809010
SPBEX.AMZN,D,20210812,0,3291.7800000,3314.5200000,3269.3600000,3303.5000000,631724
SPBEX.AMZN,D,20210813,0,3303.4900000,3328.2800000,3283.2400000,3288.9800000,558612
SPBEX.AMZN,D,20210814,0,3289.0600000,3290.0000000,3287.5600000,3289.9900000,226
SPBEX.AMZN,D,20210816,0,3309.9900000,3309.9900000,3211.6900000,3297.6200000,907326
SPBEX.AMZN,D,20210817,0,3297.8800000,3299.9000000,3225.3500000,3238.0000000,940995
SPBEX.AMZN,D,20210818,0,3238.0000000,3258.6400000,3199.0000000,3202.9700000,752221
SPBEX.AMZN,D,20210819,0,3202.9700000,3233.2400000,3161.0000000,3190.5000000,848481
SPBEX.AMZN,D,20210820,0,3189.3500000,3208.0000000,3175.7700000,3199.8400000,895344
SPBEX.AMZN,D,20210821,0,3199.9500000,3203.9900000,3197.0000000,3203.0000000,2021
SPBEX.AMZN,D,20210823,0,3203.0000000,3280.5400000,3200.0000000,3269.1000000,996206
SPBEX.AMZN,D,20210824,0,3269.0300000,3315.7500000,3269.0000000,3305.6200000,658537
SPBEX.AMZN,D,20210825,0,3305.4800000,3320.7700000,3285.7300000,3298.1200000,474452
SPBEX.AMZN,D,20210826,0,3299.0000000,3332.0200000,3252.0000000,3316.1300000,523668
SPBEX.AMZN,D,20210827,0,3317.5000000,3352.5900000,3313.0000000,3350.0000000,704488
SPBEX.AMZN,D,20210828,0,3349.7700000,3351.2100000,3349.6000000,3350.0600000,650
SPBEX.AMZN,D,20210830,0,3350.0000000,3445.0000000,3350.0000000,3417.8000000,835983
SPBEX.AMZN,D,20210831,0,3417.7600000,3474.5800000,3396.0800000,3472.1800000,1812752
SPBEX.AMZN,D,20210901,0,3472.1800000,3526.2900000,3435.8800000,3476.5000000,988249
SPBEX.AMZN,D,20210902,0,3476.5000000,3511.9200000,3453.1200000,3456.1200000,761584
SPBEX.AMZN,D,20210903,0,3456.9000000,3488.6500000,3436.3600000,3481.2900000,731477
SPBEX.AMZN,D,20210904,0,3481.0000000,3481.1100000,3470.5600000,3473.5800000,6744
SPBEX.AMZN,D,20210907,0,3477.0100000,3528.0900000,3463.7800000,3508.0000000,784670
SPBEX.AMZN,D,20210908,0,3507.0600000,3545.3500000,3490.8700000,3523.0100000,820472
SPBEX.AMZN,D,20210909,0,3523.0100000,3549.7900000,3480.0000000,3482.1300000,671887
SPBEX.AMZN,D,20210910,0,3483.9900000,3508.3000000,3462.8600000,3466.9700000,720976
SPBEX.AMZN,D,20210911,0,3466.9700000,3467.7000000,3462.2100000,3462.8100000,824
SPBEX.AMZN,D,20210913,0,3460.0000000,3498.1500000,3421.2600000,3462.5100000,688357
SPBEX.AMZN,D,20210914,0,3462.1200000,3487.0600000,3437.6100000,3449.0200000,590534
SPBEX.AMZN,D,20210915,0,3450.0000000,3486.0000000,3402.0800000,3475.7900000,870535
SPBEX.AMZN,D,20210916,0,3475.8700000,3492.6100000,3445.6100000,3487.0000000,766964
SPBEX.AMZN,D,20210917,0,3485.5600000,3502.0000000,3452.2700000,3458.4200000,1954335
SPBEX.AMZN,D,20210918,0,3457.9000000,3458.8900000,3456.3000000,3457.0000000,218
SPBEX.AMZN,D,20210920,0,3457.0000000,3457.0000000,3304.8800000,3354.2000000,1397231
SPBEX.AMZN,D,20210921,0,3355.6700000,3422.0000000,3332.2000000,3336.1100000,730737
SPBEX.AMZN,D,20210922,0,3337.3800000,3389.0000000,3335.0100000,3379.0900000,666594
SPBEX.AMZN,D,20210923,0,3381.0000000,3428.6800000,3379.9800000,3413.0000000,651518
SPBEX.AMZN,D,20210924,0,3413.0000000,3428.7700000,3391.5000000,3424.8000000,4951
SPBEX.AMZN,D,20210925,0,3424.8500000,3426.5000000,3423.6000000,3425.5200000,34
SPBEX.AMZN,D,20210927,0,3429.0000000,3440.6500000,3339.0000000,3401.2400000,4356
SPBEX.AMZN,D,20210928,0,3399.4600000,3402.8900000,3290.5000000,3317.5000000,9649
SPBEX.AMZN,D,20210929,0,3318.5000000,3355.0000000,3297.4100000,3307.6800000,3127
SPBEX.AMZN,D,20210930,0,3306.7000000,3333.5000000,3273.3000000,3285.0000000,3134
SPBEX.AMZN,D,20211001,0,3284.5000000,3310.0000000,3252.3100000,3281.0000000,3852
SPBEX.AMZN,D,20211002,0,3281.0100000,3282.4000000,3281.0000000,3282.0000000,25
SPBEX.AMZN,D,20211004,0,3282.0000000,3284.0100000,3176.1000000,3193.0000000,12475
SPBEX.AMZN,D,20211005,0,3192.7500000,3260.0000000,3191.3000000,3224.0000000,10950
SPBEX.AMZN,D,20211006,0,3223.5000000,3265.0000000,3169.1300000,3264.0000000,14903
SPBEX.AMZN,D,20211007,0,3264.2000000,3325.0000000,3262.6000000,3301.5500000,8714
SPBEX.AMZN,D,20211008,0,3301.5000000,3323.4700000,3286.2700000,3288.7500000,3236
SPBEX.AMZN,D,20211009,0,3289.9800000,3290.5900000,3288.1000000,3288.1000000,24
SPBEX.AMZN,D,20211011,0,3319.0000000,3319.0000000,3238.0300000,3245.2600000,6206
SPBEX.AMZN,D,20211012,0,3242.0100000,3267.0000000,3210.3000000,3241.1100000,7997
SPBEX.AMZN,D,20211013,0,3241.4700000,3288.0000000,3238.9800000,3286.1400000,3147
SPBEX.AMZN,D,20211014,0,3286.0000000,3321.4900000,3283.4500000,3305.2300000,3928
SPBEX.AMZN,D,20211015,0,3304.9800000,3411.7000000,3303.0200000,3409.2500000,14158
SPBEX.AMZN,D,20211016,0,3409.5000000,3409.5000000,3404.4500000,3408.4300000,179
SPBEX.AMZN,D,20211018,0,3380.3100000,3448.4600000,3380.3100000,3444.5000000,4698
SPBEX.AMZN,D,20211019,0,3445.4000000,3456.0000000,3422.0000000,3443.5000000,4707
SPBEX.AMZN,D,20211020,0,3444.0000000,3460.0000000,3400.6600000,3408.5000000,3093
SPBEX.AMZN,D,20211021,0,3409.0100000,3441.0500000,3401.9600000,3416.2200000,2634
SPBEX.AMZN,D,20211022,0,3415.5100000,3437.4900000,3331.8000000,3335.0000000,4262
SPBEX.AMZN,D,20211023,0,3335.0000000,3335.2300000,3334.0300000,3334.1900000,53
SPBEX.AMZN,D,20211025,0,3352.0000000,3357.9400000,3298.4400000,3335.4900000,5332
SPBEX.AMZN,D,20211026,0,3337.9900000,3415.8200000,3327.1600000,3371.7000000,6062
SPBEX.AMZN,D,20211027,0,3371.7000000,3436.6200000,3363.1900000,3392.9000000,5318
SPBEX.AMZN,D,20211028,0,3392.3000000,3478.7400000,3255.2200000,3313.6700000,27439
SPBEX.AMZN,D,20211029,0,3314.5000000,3374.9000000,3274.0000000,3373.4500000,16644
SPBEX.AMZN,D,20211030,0,3374.0000000,3382.0000000,3373.7200000,3381.6000000,263
SPBEX.AMZN,D,20211101,0,3389.8900000,3401.0200000,3293.0300000,3315.5800000,8299
SPBEX.AMZN,D,20211102,0,3316.0000000,3330.9800000,3283.4600000,3310.5000000,5503
SPBEX.AMZN,D,20211103,0,3309.3500000,3394.3000000,3276.0000000,3380.0000000,5748
SPBEX.AMZN,D,20211104,0,3380.0200000,3498.2000000,3349.0000000,3472.4600000,14051
SPBEX.AMZN,D,20211105,0,3472.5000000,3565.8300000,3452.2000000,3515.5000000,14770
SPBEX.AMZN,D,20211106,0,3514.5000000,3515.9900000,3509.9500000,3512.0000000,149
SPBEX.AMZN,D,20211108,0,3531.3700000,3578.1100000,3488.0000000,3488.0000000,4513
SPBEX.AMZN,D,20211109,0,3488.9800000,3593.5100000,3475.5000000,3576.7100000,7084
SPBEX.AMZN,D,20211110,0,3576.2300000,3604.5900000,3464.0000000,3484.6900000,10563
SPBEX.AMZN,D,20211111,0,3484.9900000,3542.5000000,3468.0000000,3471.0000000,5423
SPBEX.AMZN,D,20211112,0,3474.4300000,3541.3300000,3447.4200000,3527.8900000,6543
SPBEX.AMZN,D,20211113,0,3524.5000000,3526.1300000,3522.2100000,3525.0000000,856
SPBEX.AMZN,D,20211115,0,3525.1700000,3593.0000000,3525.1700000,3546.8900000,8357
SPBEX.AMZN,D,20211116,0,3546.0800000,3573.9500000,3525.5000000,3538.2800000,3827
SPBEX.AMZN,D,20211117,0,3540.7000000,3587.0000000,3522.5800000,3549.5000000,8873
SPBEX.AMZN,D,20211118,0,3551.6500000,3703.8500000,3546.5200000,3696.3600000,29388
SPBEX.AMZN,D,20211119,0,3695.0000000,3762.1600000,3676.0000000,3676.0000000,17518
SPBEX.AMZN,D,20211120,0,3675.0100000,3676.5700000,3670.0900000,3674.6500000,1571
SPBEX.AMZN,D,20211122,0,3675.0000000,3712.0000000,3568.0000000,3572.8300000,9261
SPBEX.AMZN,D,20211123,0,3575.0000000,3620.6100000,3506.0000000,3580.6100000,5832
SPBEX.AMZN,D,20211124,0,3580.0000000,3612.3000000,3536.7100000,3579.8500000,7755
SPBEX.AMZN,D,20211125,0,3581.1400000,3581.1400000,3578.0000000,3580.0000000,853
SPBEX.AMZN,D,20211126,0,3580.0000000,3630.9400000,3503.1900000,3505.1000000,8968
